{
    "loss": 3.9901883602142334,
    "accuracy": 0.6908945441246033
}